rank,language,estimated_native_speakers_worldwide_millions,estimated_world_share_percent,note
1,Mandarin Chinese,988,11.90,Rounded estimate; underlying data dates vary
2,Spanish,487,5.87,Rounded estimate; underlying data dates vary
3,English,372,4.48,Rounded estimate; underlying data dates vary
4,Portuguese,252,3.04,Rounded estimate; underlying data dates vary
5,Russian,133,1.60,Rounded estimate; underlying data dates vary
6,Japanese,124,1.49,Rounded estimate; underlying data dates vary
7,Turkish,86,1.04,Rounded estimate; underlying data dates vary
8,Vietnamese,86,1.04,Rounded estimate; underlying data dates vary
9,Korean,82,0.99,Rounded estimate; underlying data dates vary
10,Indonesian,78,0.94,Rounded estimate; underlying data dates vary
11,German,76,0.92,Rounded estimate; underlying data dates vary
12,French,76,0.92,Rounded estimate; underlying data dates vary
13,Persian — Iranian/Farsi,65,0.78,Rounded estimate; underlying data dates vary
14,Italian,60,0.72,Rounded estimate; underlying data dates vary
15,Yoruba,48,0.58,Rounded estimate; underlying data dates vary
16,Polish,40,0.48,Rounded estimate; underlying data dates vary
17,Swahili,4,0.05,Rounded estimate; underlying data dates vary
,Arabic — Modern Standard,,,Literary register; excluded from native-speaker subtotal
